,Ids,class_0,class_1
0,00eed32682bb,0.488518,0.511482
1,010ebe33f668,0.488518,0.511482
2,02fa521e1838,0.488518,0.511482
3,040e15f562a2,0.488518,0.511482
4,046e85c7cc7f,0.488518,0.511482
